No.,Function description,Control code,Whether a response code exists,Response code,Notes,Expectation
1,All outputs switch to PC1.,AA BB 03 00 00 68,NO,,,"1. Video/Audio/USB/keyboard & mouse switch to the corresponding PC; the front panel indicator lights up for the selected PC; LCD synchronizes; external keypad indicators synchronize; etc."
2,All outputs switch to PC2.,AA BB 03 00 01 69,NO,,,
3,All outputs switch to PC3.,AA BB 03 00 02 6A,NO,,,
4,All outputs switch to PC4.,AA BB 03 00 03 6B,NO,,,
5,Output A switches to PC1.,AA BB 03 01 00 69,NO,,,"1. Video is switched to the corresponding PC. The front panel indicator lights up for the selected PC, the LCD display is synchronized, etc."
6,Output A switches to PC2.,AA BB 03 01 01 6A,NO,,,
7,Output A switches to PC3.,AA BB 03 01 02 6B,NO,,,
8,Output A switches to PC4.,AA BB 03 01 03 6C,NO,,,
9,Output B switches to PC1.,AA BB 03 02 00 6A,NO,,,
10,Output B switches to PC2.,AA BB 03 02 01 6B,NO,,,
11,Output B switches to PC3.,AA BB 03 02 02 6C,NO,,,
12,Output B switches to PC4.,AA BB 03 02 03 6D,NO,,,
13,Output C switches to PC1.,AA BB 03 03 00 6B,NO,,,
14,Output C switches to PC2.,AA BB 03 03 01 6C,NO,,,
15,Output C switches to PC3.,AA BB 03 03 02 6D,NO,,,
16,Output C switches to PC4.,AA BB 03 03 03 6E,NO,,,
14,All outputs switch to the next PC.,AA BB 03 FF 00 67,NO,,,"1. Video/Audio/USB/keyboard & mouse are switched to the corresponding PC. The front panel indicator lights up for the selected PC, the LCD display is synchronized, and the external keypad indicators are also synchronized, etc."
15,Turn on buzzer (low volume),AA BB 04 00 01 6A,NO,,,
16,Turn on buzzer (medium volume),AA BB 04 00 02 6B,NO,,,
17,Turn on buzzer (high volume),AA BB 04 00 03 6C,NO,,,
18,Turn off buzzer,AA BB 04 00 00 69,NO,,,
19,Ambient lighting: no effect,AA BB 05 02 00 6C,NO,,,
20,Ambient lighting: basic effect,AA BB 05 02 01 6D,NO,,,
21,Ambient lighting: flowing effect,AA BB 05 02 02 6E,NO,,,
22,Ambient lighting: breathing effect,AA BB 05 02 03 6F,NO,,,
23,"In mixed mode, switch USB keyboard & mouse focus to PC1",AA BB 07 00 00 6C,NO,,,
24,"In mixed mode, switch USB keyboard & mouse focus to PC2",AA BB 07 00 01 6D,NO,,,
25,"In mixed mode, switch USB keyboard & mouse focus to PC3",AA BB 07 00 02 6E,NO,,,
26,"In mixed mode, switch USB keyboard & mouse focus to PC4",AA BB 07 00 03 6F,NO,,,
27,"In mixed mode, switch USB keyboard & mouse focus to the next PC",AA BB 07 FF 00 6B,NO,,,
28,Enable keyboard & mouse compatibility mode,AA BB 08 00 01 6E,NO,,,
29,Disable keyboard & mouse compatibility mode,AA BB 08 00 00 6D,NO,,,
30,Enable network switch for all PCs,AA BB 09 00 0F 7D(4PC version) AA BB 09 00 03 71(2PC version),NO,,,
31,Disable network switch for all PCs,AA BB 09 00 00 6E,NO,,,
32,Disable network switch for PC1,AA BB 09 00 0E 7C(4PC version) AA BB 09 00 01 6F(2PC version),NO,,USB focus is on PC1,
33,Disable network switch for PC2,AA BB 09 00 0D 7B(4PC version) AA BB 09 00 02 70(2PC version),NO,,USB focus is on PC2,
34,Disable network switch for PC3,AA BB 09 00 0B 79(4PC version),NO,,USB focus is on PC3,
35,Disable network switch for PC4,AA BB 09 00 07 75(4PC version),NO,,USB focus is on PC4,
36,Enable mouse middle button,AA BB 0A 00 01 70,NO,,,
37,Disable mouse middle button,AA BB 0A 00 00 6F,NO,,,
38,Turn off fan,AA BB 0B 00 00 70,NO,,,
39,Fan auto mode,AA BB 0B 00 01 71,NO,,,
40,Fan low-speed always on,AA BB 0B 00 02 72,NO,,,
41,Fan high-speed always on,AA BB 0B 00 03 73,NO,,,
42,Enable audio follow mode,AA BB 0C 00 01 72,NO,,,
43,Disable audio follow mode,AA BB 0C 00 00 71,NO,,,
44,Switch audio channel to PC1,AA BB 0D 00 00 72,NO,,Cannot switch in audio follow mode,"For a 4-port KVM with LCD, this function needs to be tested: LCD synchronization."
45,Switch audio channel to PC2,AA BB 0D 00 01 73,NO,,Cannot switch in audio follow mode,
46,Switch audio channel to PC3,AA BB 0D 00 02 74,NO,,Cannot switch in audio follow mode,
47,Switch audio channel to PC4,AA BB 0D 00 03 75,NO,,Cannot switch in audio follow mode,
48,Switch audio channel to the next port,AA BB 0D FF 00 71,NO,,Cannot switch in audio follow mode,
49,Enable auto scan,AA BB 0F 00 01 75,NO,,,
50,Disable auto scan,AA BB 0F 00 00 74,NO,,,
Query command requires response code,,,,,,
1,Sync monitor count per port,AA BB 81 00 00 E6,YES,"HKS203-P24/HDK203-M24/HDC203-M24: AA BB 81 01 23 0A
HKS202M24/HDK202M24: AA BB 81 01 22 09
HKS201M24: AA BB 81 01 21 08",,
2,Sync keyboard & mouse focus status,AA BB 82 00 FF E6,YES,"Take keyboard & mouse on PC2 as an example: AA BB 82 01 01 E9",,
3,Sync mapping relationship,AA BB 83 00 FF E7,YES,"Taking HKS203 as an example, Monitor A, B, and C display PC1, PC2, and PC1 respectively: AA BB 83 06 01 00 02 01 03 00 F5",,
4,Query buzzer status,AA BB 84 00 FF E8,YES,"Buzzer off: AA BB 84 01 00 EA
Buzzer low level: AA BB 84 01 01 EB
Buzzer medium level: AA BB 84 01 02 EC
Buzzer high level: AA BB 84 01 03 ED",,
5,Query ambient light status,AA BB 85 00 FF E9,YES,"Example: 5 lighting effect modes in total, currently set to the second mode: AA BB 85 02 05 01 F2",,
6,Query mixed-screen USB keyboard & mouse focus status,AA BB 87 00 FF EB,YES,"Example: HDK404-P24, keyboard & mouse focus on PC2, four monitors display PC1/PC2/PC3/PC4 respectively: AA BB 87 05 01 00 01 02 03 F8",,
7,Query USB compatibility mode status,AA BB 88 00 FF EC,YES,"Example: current USB compatibility mode enabled: AA BB 88 01 01 EF",,
8,Query network switch status,AA BB 89 00 FF ED,YES,"Example (HKS203): network status—PC1 off, PC2 on, and current keyboard & mouse focus is on PC1: AA BB 89 02 02 00 F2",,
9,Query mouse middle button enable status,AA BB 8A 00 FF EE,YES,"Example: mouse middle button enabled status is off: AA BB 8A 01 00 F0",,
10,Query fan speed mode status,AA BB 8B 00 FF EF,YES,"Example: fan has 4 speed levels, currently set to level 1: AA BB 8B 02 04 00 F6",,
11,Query audio follow status,AA BB 8C 00 FF F0,YES,"Example: audio follow mode currently disabled: AA BB 8C 01 00 F2",,
12,Query audio channel status,AA BB 8D 00 FF F1,YES,"Example: current audio channel set to PC2: AA BB 8D 01 01 F4",,
13,Query auto scan status,AA BB 8F 00 FF F3,YES,"Auto scan status: On: AA BB 8F 01 01 F6
Off: AA BB 8F 01 00 F5",,
